id,Name,Age,PPSN
1,Mr. Roberto Morgan,47,1978558r
2,Chad Reynolds,31,3013846j
3,Connie Farley,35,2938259n
4,Alec Hansen,19,2508779M
5,Micheal Jensen,64,9673757e
6,Stephanie Ryan,65,7234298M
7,Latasha Moreno,35,7767230a
8,Brad Black,63,2847644b
9,Tammy Rocha,22,4667888b
10,Samantha Hall,60,1743958G
11,Sharon Baker,49,6763625k
12,Sherri Garrett,60,1077727o
13,Jacob Ho,18,8545367H
14,Billy Wall,19,5107333I
15,Rachel Clayton,35,8697758E
16,Jeffrey Jackson,44,5289777A
17,Wendy Herrera,52,1331347s
18,Angel Wall,24,6033186L
19,Edward Wallace,18,3472582H
20,Antonio Rios,63,6006647M
21,Patrick Griffin,60,7430813z
22,William Webster,66,3048071J
23,Daniel Bentley,37,9219333b
24,Neil Abbott,37,6745825n
25,Scott Harris,42,9812177I
26,William Webb,31,7409876l
27,James Robertson MD,46,7240049e
28,Kimberly Mendoza,20,7164565t
29,Miguel Wells,50,3475089l
30,Colton Allen,35,2712201i
31,Alicia Davis,42,3198950u
32,Mark Gill,57,8679981l
33,Ricky Clark,31,7566340o
34,Robert Woodard,53,4467315y
35,David Martinez,42,9709340s
36,Joshua Davis,36,1334104p
37,Sharon Lambert,39,1815945C
38,Leah Knight,68,6003954f
39,Tyler Smith,31,4822466z
40,Brian Wright,67,9306126e
41,Matthew Osborn,69,7252133s
42,Megan Sanders,68,3679434b
43,Sydney Nicholson,23,5141157s
44,Tyler Holt,29,5165101N
45,Melissa Rosales,49,9139533D
46,Gregory Spencer,68,3504468t
47,Jason Jenkins,59,8908272C
48,Kenneth Garcia,37,6791394q
49,Melissa Moore,29,3639070h
50,Jessica Fox,19,8323109q
51,Samuel Green,63,7475823t
52,Kevin Burke,21,7608634i
53,Paul Mcclure,68,7011772A
54,Angela Ware,62,5219258B
55,Reginald Martinez,23,7530450D
56,Tiffany Riley,60,5519450o
57,Mr. Dale Franklin,35,2598987z
58,Richard Grant,35,2299850O
59,Dr. Kathryn Palmer,21,5084602r
60,Amy Russell,31,1843279X
61,Jackie Roberson,60,3815548M
62,Natalie Weber,38,3172589p
63,Katelyn Ellis,55,8421739o
64,Ryan Steele,51,1977918f
65,Breanna Martinez,67,6926943O
66,Jason Vasquez,46,7162201J
67,Brett Hall,25,3316888S
68,Lisa Moreno,55,7525920R
69,Lauren Zimmerman,50,4014060x
70,Mr. Jacob Harper,20,9404539E
71,William Curtis,43,2812536s
72,Thomas Johnson Jr.,53,7341665q
73,James Keller,20,6994117g
74,Angela Knight,38,3683820d
75,Daniel Cook,26,8598554B
76,Lori Cooper,25,7871709o
77,Reginald Miller,66,5392551B
78,David Scott,56,9315135V
79,Lisa Carrillo,42,4242932Q
80,Jennifer Hayes,60,1286825c
81,Molly Hobbs,28,8030521J
82,Robert Kaufman,45,4038158R
83,Ann Cox,38,4630263T
84,Rhonda Foley,55,5360520T
85,Briana Marsh,33,2134137O
86,Oscar Singh,26,8356265b
87,Kelly Williams,60,4914993w
88,Mark Copeland,19,3486727B
89,Michael Scott,49,7138188J
90,Connie Rice,51,3020036K
91,Bonnie Johnson,18,9235554K
92,Melissa Grant,47,9669604w
93,Kenneth Mcknight,29,4991426x
94,Donna Torres,44,6842343c
95,James Smith,52,7741339g
96,Pamela Ward,38,1400334E
97,Laurie Johnson,36,9912717h
98,Danielle Brown,24,6435898R
99,Tyler Green,39,7165256J
100,Gary Caldwell,52,4035430u
101,Johnny Daugherty,57,5225894S
102,Jessica Davis,61,9486722G
103,Nancy Reilly,62,4941472m
104,Kendra Gonzalez,41,8754744U
105,Stacey Burns,66,4688706x
106,Christopher Johnson,59,8514284g
107,Samantha Hernandez,53,6376657t
108,Jennifer Kennedy,49,3828731r
109,Brady Bishop,53,8070263u
110,Lisa Gutierrez,40,8807466n
111,Cheryl Parker,40,6856442O
112,Jeffrey Dawson,18,5494850S
113,Amy Graham,43,7919720u
114,David Gibson,36,4108336n
115,Jasmine Riley,26,6747940u
116,Brittany Obrien,23,4905703E
117,Eric Parker,34,5714205K
118,Andrea Parker,19,3557395r
119,Emily Lee,22,7629291r
120,Marilyn Green,33,5301619N
121,Jessica Foster,46,5488174J
122,Kathy Nguyen,55,5838791p
123,Tara Rogers,59,3862423v
124,Carolyn Adams,23,4658403H
125,Joshua Chambers,41,1034175V
126,Patricia Kelly,31,1453591i
127,Mrs. Karen Rodriguez,69,2857606L
128,Phillip Murphy,39,5304337h
129,Autumn Anderson,30,1982835J
130,Dr. Linda Brooks MD,33,6508489l
131,Joshua Holden,29,8034325A
132,Kaylee Hansen,61,9661331e
133,Jessica Murphy,32,1555622k
134,Kristen King,42,4699981J
135,Natalie Mckee,60,2830657w
136,Jerry Bowers,66,8590500E
137,Ian Kelley,64,4247183H
138,Pamela Fitzpatrick,32,5053980l
139,Daniel Brown,18,1121315E
140,Leslie Thompson,56,8596079M
141,Michael Gomez,37,7010398e
142,Brian Adams,19,6053181A
143,Samuel Ortiz,32,9425683j
144,Cassie Brown,47,7655808O
145,Robert Howard,32,5523294Q
146,Christine Murphy,41,6082505A
147,William Abbott,49,3783236j
148,Christopher Cook,40,3137195M
149,Michael Perry,27,3843625b
150,Ryan Smith,64,1104396e
151,Joseph Clark,36,4583857G
152,Laurie Weaver,37,8145722o
153,Charles Davis,38,7221727W
154,Kimberly Flores,29,9520073Z
155,Brooke Roberts,39,8155628f
156,Marissa Villegas,56,7944682L
157,Brent Williams,27,3069490l
158,Julie Campbell,18,6643271d
159,Casey Alvarez,33,5497193B
160,Paul Ramirez,67,5512006j
161,Danielle Gray,50,3872104R
162,Samuel Johnson,28,8544213f
163,Larry Nunez DVM,35,2875941A
164,Alejandra Collins,30,2910637m
165,Tracy Rollins,69,8035059k
166,Monica Miller,21,4730675p
167,Jonathan Perry,56,7985401r
168,Brandon Johnson,28,6199987h
169,Cynthia Coleman,39,4434209Z
170,Linda Cooper,26,1061206w
171,Kelly Massey,56,3997916y
172,James Bell,67,5924242K
173,Vincent Farmer,66,3089001D
174,Carrie Greene,27,7888249C
175,Rachel Hall,24,2721215T
176,Omar Choi,40,9049588G
177,Scott Peterson,61,9525007M
178,Anthony Miles,41,4834430N
179,Ian Lee,62,3697042d
180,Matthew Cook,45,8158955p
181,Cindy Bennett,37,4068012H
182,Whitney Ferguson,61,9150464v
183,Richard Barnes,46,1477006o
184,Tyler Murray,25,9386146D
185,Ethan Silva,25,5343791J
186,Stephen Wilson,60,2333197X
187,Shannon Graves,47,9769283q
188,Sean Chavez,34,5156469Q
189,Donald Adams,42,2937913y
190,Christopher Parker,57,8997315W
191,Linda Harvey,50,1186842b
192,Jessica Welch,19,6015233N
193,Lindsey Williams,62,9517400q
194,Paul Bowman,33,2591545h
195,Joseph Hardy,52,5673730f
196,Jennifer Ewing,44,7345027W
197,Russell Williams,58,2230179h
198,Shawn Cannon,29,4767899Z
199,David Roberts,19,1140134W
200,Stephanie Duncan,24,2277094u
201,Jonathan Gomez,49,7145239q
202,Andrew Dudley DVM,21,9885527z
203,Francisco Patterson,65,3543200B
204,Jeremy Jones,36,1558488o
205,Katie Underwood,19,8992779L
206,Jesse Goodwin,21,9560384o
207,Patricia Todd,28,3207094g
208,Kristen Lindsey,34,3316402C
209,Stanley Evans,51,2193844K
210,Vincent Allen,39,1685063n
211,Timothy Kim,68,9475493K
212,Cheryl Johnston,26,6566959v
213,Jason Hughes,48,9967951I
214,Shannon Hoffman,32,8163991U
215,Erin Blair,18,5126181p
216,James Garcia,48,8967314a
217,Kenneth Moran,64,8259697x
218,Devin Gray,23,9131609B
219,Mark Wagner,46,6343131K
220,Anthony Chan,59,2793140p
221,Linda Simpson,58,5687333q
222,Lucas Andrade,23,2861929n
223,Savannah Taylor,28,8519429h
224,Cheryl Mcpherson,54,2880816A
225,Amy Guzman,19,1837388k
226,Matthew Rodriguez,52,3860147i
227,James Price,54,7670207V
228,Kevin Moore,46,5377384C
229,Alexandria Thomas,61,2577717a
230,Kyle Johnson,46,5544743N
231,Frank Lloyd,51,8880147s
232,Angela Arellano,38,1713091n
233,Courtney Hammond,63,5655283D
234,Donald Joyce,24,5417603G
235,Jeffrey Sherman,44,4461318s
236,Tara Heath,30,2422368J
237,Kyle Li,32,8091044I
238,Jennifer Lopez,38,5091183y
239,Sherry Wilkins,61,7057841I
240,Anthony Crane,26,9923326M
241,Jennifer Maxwell,56,7886632o
242,Destiny White,26,2749926H
243,Ryan Coleman,23,3285108h
244,David Francis,26,2818501n
245,Brenda Johnson,43,6037568D
246,Richard Chavez,43,4487996z
247,Michael Clark,29,3844969R
248,Lisa Hunter,28,9610659i
249,Timothy Moreno,53,3672221G
250,Rita Ward,32,9146995k
251,Tyler Gomez,49,8716649C
252,Megan Wong,24,1473425X
253,James Cooke,44,8781437q
254,Larry Smith,20,4356528w
255,Steven Solis,57,7515540M
256,Andrea Robinson,33,3584825U
257,Noah Johnson,32,1961714Y
258,Betty May,38,3406079u
259,Stephen Barber,64,2122897J
260,Dr. Victor Moore DVM,64,2820273D
261,Scott Moore,19,4742394V
262,Sara Miller,31,8432313I
263,Rodney Clark,32,9238018g
264,David Hunter,20,4170732H
265,Patricia Branch,58,4776243x
266,Daniel Rodriguez,43,1508803u
267,Wesley Bates,48,9567196X
268,John Hobbs,58,3042701O
269,Kathryn Malone,68,5664791A
270,David Hammond,33,3461810m
271,Sarah Johnston,63,3365479t
272,Jeffery Sanchez,62,8316470v
273,Jacob Thomas,36,7052210t
274,David Blackwell,50,6175460e
275,Lawrence Wilkinson,63,3047879X
276,Brett Wright,25,3649412g
277,Martin Johnson,68,2432859U
278,Rose Holt,65,7675437B
279,Allison Moreno,18,3497355L
280,Danielle Davis,47,2473862b
281,Maria Blair,41,7177443e
282,Mark Ward,64,1136742K
283,Tanya Lane,34,6052053Y
284,Thomas Howard,54,2365607y
285,Karen Munoz,40,6180973J
286,Brandon Martinez,18,2157583Z
287,James Thompson,68,4959115B
288,Keith Ramos,34,8582921j
289,Kelly Valenzuela,38,4827175Q
290,Michael Johnson,58,9895803s
291,Olivia Garcia,60,1791998D
292,Christopher Mcpherson,64,9170123g
293,Christopher Ortiz,57,4258494X
294,John Hopkins,59,3712010p
295,Sandra Davis,38,8760325y
296,Morgan Hernandez,30,8120547U
297,Dawn Lewis,49,4755705O
298,Megan Mcclain,26,2805536c
299,Amanda Anderson,57,7691344S
300,Lauren Duffy,37,6920592t
301,Heather Williams,55,2180372n
302,Anthony Christensen DDS,53,4366277c
303,Craig Davis,57,8243933T
304,Charles Ochoa,58,9589330G
305,Daniel Jenkins,46,6432012X
306,Sarah Parker,44,4579551y
307,James Burns,44,8340858Z
308,Tammy Austin,41,9254946h
309,Ashley Mayo,20,8065091N
310,Rhonda Vasquez,60,8232607w
311,Gina White,56,8294019u
312,Carlos Brewer,25,2022849Q
313,Dana Powell,57,1702205w
314,Suzanne Johnson,62,6380411C
315,Carla Wolf,58,8580537H
316,Andrea Lucas,39,2467045w
317,Kevin Allen,47,7831082K
318,Erica Doyle,36,7312403i
319,Sherry Perez,37,6103340I
320,James Garcia,34,1457380r
321,Christopher Kent,42,5060024l
322,Daisy Craig,46,9413789v
323,Gregory Lewis DDS,21,8139104t
324,Frederick Mccormick,28,9232224C
325,David Schmidt,58,6389831B
326,Luke Harrison,41,6879274l
327,Michael Robinson,27,7313146z
328,Debbie Bright,43,4484622r
329,Victor Fisher,20,8190901c
330,Gabriel Rangel,38,3643528H
331,Ronald Jones,47,9416862S
332,Erica Wolf,21,9362980Y
333,Russell Anderson,53,7858836r
334,Dylan Munoz,60,4168963W
335,Veronica Green,59,2006752V
336,Donald Lopez,19,8689421T
337,Rick Hamilton,27,2762211O
338,Austin Smith,60,2997326M
339,Brandon Knight,24,3620963z
340,Suzanne Harper,67,7538744y
341,Jennifer Reeves,64,4034049k
342,Melody Rose,28,6171549z
343,Stephen Cochran,38,6516174R
344,Tracey Harrison,55,8811930E
345,Valerie Miller,32,5054392x
346,Melanie Trevino,68,1495276w
347,Jesus Evans,22,5125213u
348,Laura Glover,21,5619628S
349,Rebecca Adkins,55,1562133c
350,Victoria Sanchez,22,3162385r
351,Julie Martinez,60,4794860x
352,Mandy Patterson,37,4758032a
353,Mrs. Amber Williams,27,8144631L
354,Dr. William Torres,53,3133305N
355,Gabriela Cooper,51,1744544E
356,Ashley Jenkins,36,2950958r
357,Mary Manning,21,9976938c
358,Andre Burns,31,4703283I
359,Elizabeth Bryant,68,8880306b
360,Heather Mckee,38,1444431b
361,Cathy Mckinney,58,4560317K
362,David Davenport,36,8794714I
363,Pamela Cummings,62,9251658t
364,Shannon Stewart,45,3027345d
365,Charles Blankenship,21,8093527n
366,Jamie Marsh,62,5316200S
367,Samuel Gonzales,27,5238086E
368,Annette Kerr,61,1467572I
369,Luke Colon,21,7542099a
370,Mary Morgan,59,1664897R
371,Nicole Beltran,46,5082444e
372,Carrie Jones,20,2537819A
373,Brianna Little,52,5445142H
374,Robert Mercer,63,1927137i
375,Nicholas Franklin,56,9243458G
376,Kimberly Moore,56,9994552x
377,Jamie Garner,61,9293472Q
378,Lee Morales,22,3513587C
379,Kyle Beard,61,1247590X
380,Victoria Lewis,32,9808092q
381,Joy Gonzales,35,4181166h
382,Carlos Heath,31,2484966I
383,Laura Werner,19,3389654V
384,Diana Taylor,57,3938439Z
385,Jeffery Gray,27,5393607b
386,Samuel Jones,52,4600204G
387,Taylor Arellano,27,3657056B
388,Debra Obrien,64,4260597t
389,Stacey Jenkins,28,9373856n
390,Heather Dillon,62,7021132F
391,Emily Miller,49,2907334D
392,Amy Johnson,29,8939175C
393,Mark Myers,39,1622338E
394,Madison Murray,45,1343441a
395,Danielle Mcpherson,47,6894631R
396,Dustin Rojas,38,6076406G
397,William Taylor,56,2943277r
398,Alan Ramirez,39,5069590Z
399,Barbara Weber,42,2287966V
400,Lynn Hamilton,29,7782448G
401,Matthew Baldwin,62,1332174j
402,Mark Pitts,69,4869338h
403,Mark Leon,66,7984505s
404,Gregory Gilmore,49,2025355P
405,Gary Cooper,53,5317093t
406,Brian Jimenez,21,4194674V
407,Julie Perez,63,9087290r
408,David Castro,54,5124175I
409,Mr. Ryan Bradley,64,2422636w
410,Kathleen Pena,47,9116513q
411,Michael Scott,18,8040234v
412,Megan Mack,33,1580519I
413,Cory Sampson,29,3057798W
414,Dustin Hartman,62,1096689q
415,Jason Owens,44,5861565R
416,John Kirk,57,6965047p
417,George Ramirez,54,3013850f
418,Christine Jones,60,8338712b
419,Eric Walker,47,6483439M
420,Jennifer Simpson,21,2594865o
421,Andrea Hall,38,5748096b
422,Deborah Brown,45,9682536e
423,Beth Hawkins,33,7578868f
424,Paul Woods,42,9108503B
425,Tammy Carrillo,37,6322025p
426,Victoria Green,59,9372036g
427,Timothy Alvarado,33,5317198o
428,Joshua Jenkins,19,4536958C
429,William Wood,38,1833128X
430,Jeff Rowland,65,3691230N
431,Nathaniel Potts,41,4801874Q
432,Lance Collier,32,5388730f
433,Donald Tapia,51,5081116r
434,Robert Clark,65,1946830b
435,Nathan Wilson,54,9097047L
436,Cassandra Jackson,34,4142778s
437,Jessica Peck,32,1587776Y
438,Timothy Schmidt,45,9878450D
439,Carmen Stevens,61,5408783m
440,Crystal Ellis,28,6924163d
441,Tracy Pineda,59,8990379Y
442,Michael Hernandez,48,4236805K
443,Danielle Rhodes,54,5844834D
444,Ronald Huffman DDS,32,4275718n
445,Michael Khan,22,7334887Z
446,Raymond Martin,35,7250957F
447,David Hernandez,65,1745326N
448,Trevor Trevino,23,7779383T
449,Donna Walker,46,8655450L
450,Robert Johnson,68,8712420L
451,Ryan Curtis,22,3800706l
452,James Cooper,62,6020298v
453,Cindy Fletcher,29,8887723a
454,Patrick Williams,24,7168930T
455,Francisco Lamb,50,9991892E
456,Michael Harris,39,1915960d
457,Gloria Craig,51,8668030Y
458,Tracy Reynolds,43,6471533O
459,Jessica Pearson,19,4292388v
460,Martin Thomas,50,7721839j
461,Nicholas Benjamin,44,7533826g
462,Rebecca Mcpherson,60,1750463q
463,Jonathan Blake,51,5966059h
464,Amanda Anderson,46,6898619v
465,Shane Baker,21,9019844y
466,Lisa Moreno,34,2624148m
467,Patrick Campbell,32,8488422W
468,Christine Wolfe,19,2380893v
469,Laurie Rogers,27,7665754B
470,Linda Williams,33,6032870l
471,Stephanie Austin,30,9975634z
472,Shane Scott,31,7737451c
473,Tina Lee,19,8241942v
474,Michele Cross,62,5757839R
475,Mr. Robert Yang,65,4500994X
476,Megan Frazier,58,4562155W
477,Veronica Sanchez,21,3499334k
478,Edward Rhodes,56,7867631s
479,Jennifer Ruiz,53,3345845h
480,Lisa Bond,58,2764832Z
481,Kevin Estes,40,7736673J
482,Tiffany Tran,28,4277501o
483,Jill Russell,52,4754365x
484,Danielle Fischer,63,7379858W
485,Jonathan Beard,51,1938462n
486,Barbara Ware,64,6964665h
487,Manuel Watson,40,8027178J
488,Crystal Mooney,46,8563270G
489,Michaela Carter,38,4893631c
490,Matthew Palmer,60,3587668j
491,Susan Webb,27,5945148X
492,Steven Thompson,68,3583267T
493,Benjamin Walker,61,2858299Y
494,Mark Hill,59,7063504E
495,Courtney Rios,55,9933493l
496,Craig Wade,64,9757336u
497,Kevin Cook,51,3733917d
498,Gina Gardner,43,1580627D
499,Jermaine Avila,44,7708864y
500,Nathaniel Webster,64,2583390i
501,Marilyn Lynch,33,4595892B
502,Jill Mejia,35,5533244S
503,Holly Bentley,30,9577147y
504,Jacob Taylor,24,1617961k
505,Justin Moore,43,6766593B
506,Brooke Anderson,68,8372483C
507,Frank Beck,68,7452264N
508,Andrew Brown,48,9024252V
509,Eric Miller,28,3943716L
510,Holly Johnson,62,7259628f
511,Lynn Hughes,67,1516447A
512,Scott Wang,49,7811748e
513,Cheryl Parker,63,6988584y
514,Ana Hall,47,9013337T
515,Christopher Hall,59,7135269A
516,Patrick Campbell,20,7768527m
517,Connie Miller,57,2962436z
518,Sara Reed,25,3139666X
519,Teresa Ward,52,5885179n
520,Christian Carter,31,8922635M
521,Tiffany Gonzalez,23,5868768s
522,Fred Jones,36,4460090b
523,Allison Thomas,66,3714745y
524,Ashley Peters,26,9171856c
525,Walter Morrison,59,9599934I
526,Sean Caldwell,39,2842312U
527,Gregory Wilson,47,7513885i
528,Rickey Gregory,25,4350316H
529,Denise Lewis,37,2621891V
530,Sara Mcbride,44,2250106s
531,Mr. Michael Cardenas,42,1549182c
532,Seth Brown,57,1593028r
